"SiO2","Al2O3","Fe2O3","MgO","Na2O","CaO","K2O"
0.716507166303505,0.136818288175052,0.0512456408732054,0.023512301318742,0.0114090435679169,0.0299076960106896,0.0305998637508884
0.699628964790869,0.156210969772789,0.0542420966559612,0.0217706798248824,0.0125720296572206,0.0178771872922191,0.0376980720060591
0.684014049713592,0.163574150030866,0.0596905658220354,0.0233808108964387,0.0132186360153795,0.0153357189478836,0.0407860685738049
0.666008930207867,0.170859959753513,0.0599951049018829,0.0250678383745532,0.0109436551107525,0.0213012499013042,0.0458232617501278
0.660222077091479,0.175510208601085,0.0745542009362821,0.0240586237651201,0.0185637564611501,0.0125361465368018,0.0345549866080821
0.6506850333413,0.170285817081639,0.0770277334575224,0.0328845898463678,0.0207597657851652,0.0183691003470727,0.0299879601409324
